{
	"partitions" : [
		{
			"name" : "Top",
			"pins" : [
				{
					"name" : "FREQ[0]",
					"strict" : false
				},
				{
					"name" : "FREQ[1]",
					"strict" : false
				},
				{
					"name" : "FREQ[2]",
					"strict" : false
				},
				{
					"name" : "FREQ[3]",
					"strict" : false
				},
				{
					"name" : "FREQ[4]",
					"strict" : false
				},
				{
					"name" : "FREQ[5]",
					"strict" : false
				},
				{
					"name" : "FREQ[6]",
					"strict" : false
				},
				{
					"name" : "FREQ[7]",
					"strict" : false
				},
				{
					"name" : "FREQ[8]",
					"strict" : false
				},
				{
					"name" : "FREQ[9]",
					"strict" : false
				},
				{
					"name" : "FREQ[10]",
					"strict" : false
				},
				{
					"name" : "FREQ[11]",
					"strict" : false
				},
				{
					"name" : "FETCH",
					"strict" : false
				},
				{
					"name" : "ETAT[1]",
					"strict" : false
				},
				{
					"name" : "ETAT[2]",
					"strict" : false
				},
				{
					"name" : "ETAT[3]",
					"strict" : false
				},
				{
					"name" : "MAX10_CLK1_50",
					"strict" : false
				},
				{
					"name" : "GENRE[0]",
					"strict" : false
				},
				{
					"name" : "GENRE[1]",
					"strict" : false
				},
				{
					"name" : "NOTE[0]",
					"strict" : false
				},
				{
					"name" : "NOTE[3]",
					"strict" : false
				},
				{
					"name" : "NOTE[1]",
					"strict" : false
				},
				{
					"name" : "OCTAVE[0]",
					"strict" : false
				},
				{
					"name" : "OCTAVE[1]",
					"strict" : false
				},
				{
					"name" : "NOTE[2]",
					"strict" : false
				}
			]
		}
	]
}